{
    "multipart": [
      { "when": {"decayable": true},
        "apply": [
           { "model": "leaves/dark_oak_1", "y": 270 },
           { "model": "leaves/dark_oak_1", "y": 90 },
           { "model": "leaves/dark_oak_1", "y": 180 },
           { "model": "leaves/dark_oak_1" },
           { "model": "leaves/dark_oak_2", "y": 270 },
           { "model": "leaves/dark_oak_2", "y": 90 },
           { "model": "leaves/dark_oak_2", "y": 180 },
           { "model": "leaves/dark_oak_2" },
           { "model": "leaves/dark_oak_3", "y": 270 },
           { "model": "leaves/dark_oak_3", "y": 90 },
           { "model": "leaves/dark_oak_3", "y": 180 },
           { "model": "leaves/dark_oak_3" }

         ]
      },
      { "when": {"decayable": false},
        "apply": { "model": "leaves/dark_oak_placed" }
      }
    ]
}