{
    "variants": {
        "powered=false,shape=north_south":  { "model": "rail/golden_flat" },
        "powered=false,shape=east_west":  { "model": "rail/golden_flat", "y": 90 },
        "powered=false,shape=ascending_east": { "model": "rail/golden_raised_ne", "y": 90 },
        "powered=false,shape=ascending_west": { "model": "rail/golden_raised_sw", "y": 90 },
        "powered=false,shape=ascending_north": { "model": "rail/golden_raised_ne" },
        "powered=false,shape=ascending_south": { "model": "rail/golden_raised_sw" },
        "powered=true,shape=north_south":  { "model": "rail/golden_active_flat" },
        "powered=true,shape=east_west":  { "model": "rail/golden_active_flat", "y": 90 },
        "powered=true,shape=ascending_east": { "model": "rail/golden_active_raised_ne", "y": 90 },
        "powered=true,shape=ascending_west": { "model": "rail/golden_active_raised_sw", "y": 90 },
        "powered=true,shape=ascending_north": { "model": "rail/golden_active_raised_ne" },
        "powered=true,shape=ascending_south": { "model": "rail/golden_active_raised_sw" }
    }
}
