{
    "variants": {
        "facing=east,half=bottom,shape=straight":  { "model": "stair/stone" },
        "facing=west,half=bottom,shape=straight":  { "model": "stair/stone", "y": 180, "uvlock": true },
        "facing=south,half=bottom,shape=straight": { "model": "stair/stone", "y": 90, "uvlock": true },
        "facing=north,half=bottom,shape=straight": { "model": "stair/stone", "y": 270, "uvlock": true },
        "facing=east,half=bottom,shape=outer_right":  { "model": "stair/stone_outer" },
        "facing=west,half=bottom,shape=outer_right":  { "model": "stair/stone_outer", "y": 180, "uvlock": true },
        "facing=south,half=bottom,shape=outer_right": { "model": "stair/stone_outer", "y": 90, "uvlock": true },
        "facing=north,half=bottom,shape=outer_right": { "model": "stair/stone_outer", "y": 270, "uvlock": true },
        "facing=east,half=bottom,shape=outer_left":  { "model": "stair/stone_outer", "y": 270, "uvlock": true },
        "facing=west,half=bottom,shape=outer_left":  { "model": "stair/stone_outer", "y": 90, "uvlock": true },
        "facing=south,half=bottom,shape=outer_left": { "model": "stair/stone_outer" },
        "facing=north,half=bottom,shape=outer_left": { "model": "stair/stone_outer", "y": 180, "uvlock": true },
        "facing=east,half=bottom,shape=inner_right":  { "model": "stair/stone_inner" },
        "facing=west,half=bottom,shape=inner_right":  { "model": "stair/stone_inner", "y": 180, "uvlock": true },
        "facing=south,half=bottom,shape=inner_right": { "model": "stair/stone_inner", "y": 90, "uvlock": true },
        "facing=north,half=bottom,shape=inner_right": { "model": "stair/stone_inner", "y": 270, "uvlock": true },
        "facing=east,half=bottom,shape=inner_left":  { "model": "stair/stone_inner", "y": 270, "uvlock": true },
        "facing=west,half=bottom,shape=inner_left":  { "model": "stair/stone_inner", "y": 90, "uvlock": true },
        "facing=south,half=bottom,shape=inner_left": { "model": "stair/stone_inner" },
        "facing=north,half=bottom,shape=inner_left": { "model": "stair/stone_inner", "y": 180, "uvlock": true },
        "facing=east,half=top,shape=straight":  { "model": "stair/stone_upper", "uvlock": true },
        "facing=west,half=top,shape=straight":  { "model": "stair/stone_upper", "y": 180, "uvlock": true },
        "facing=south,half=top,shape=straight": { "model": "stair/stone_upper", "y": 90, "uvlock": true },
        "facing=north,half=top,shape=straight": { "model": "stair/stone_upper", "y": 270, "uvlock": true },
        "facing=east,half=top,shape=outer_right":  { "model": "stair/stone_outer_upper", "y": 90, "uvlock": true },
        "facing=west,half=top,shape=outer_right":  { "model": "stair/stone_outer_upper", "y": 270, "uvlock": true },
        "facing=south,half=top,shape=outer_right": { "model": "stair/stone_outer_upper", "y": 180, "uvlock": true },
        "facing=north,half=top,shape=outer_right": { "model": "stair/stone_outer_upper", "uvlock": true },
        "facing=east,half=top,shape=outer_left":  { "model": "stair/stone_outer_upper", "uvlock": true },
        "facing=west,half=top,shape=outer_left":  { "model": "stair/stone_outer_upper", "y": 180, "uvlock": true },
        "facing=south,half=top,shape=outer_left": { "model": "stair/stone_outer_upper", "y": 90, "uvlock": true },
        "facing=north,half=top,shape=outer_left": { "model": "stair/stone_outer_upper", "y": 270, "uvlock": true },
        "facing=east,half=top,shape=inner_right":  { "model": "stair/stone_inner_upper", "y": 90, "uvlock": true },
        "facing=west,half=top,shape=inner_right":  { "model": "stair/stone_inner_upper", "y": 270, "uvlock": true },
        "facing=south,half=top,shape=inner_right": { "model": "stair/stone_inner_upper", "y": 180, "uvlock": true },
        "facing=north,half=top,shape=inner_right": { "model": "stair/stone_inner_upper", "uvlock": true },
        "facing=east,half=top,shape=inner_left":  { "model": "stair/stone_inner_upper", "uvlock": true },
        "facing=west,half=top,shape=inner_left":  { "model": "stair/stone_inner_upper", "y": 180, "uvlock": true },
        "facing=south,half=top,shape=inner_left": { "model": "stair/stone_inner_upper", "y": 90, "uvlock": true },
        "facing=north,half=top,shape=inner_left": { "model": "stair/stone_inner_upper", "y": 270, "uvlock": true }
    }
}
