{
    "variants": {
        "normal": [
          { "model": "grass_tall/1_1" },
          { "model": "grass_tall/2_1" },
          { "model": "grass_tall/3_1" },
          { "model": "grass_tall/4_1" },
          { "model": "grass_tall/5_1" },
          { "model": "grass_tall/6_1" },
          { "model": "grass_tall/7_1" },
          { "model": "grass_tall/1_2" },
          { "model": "grass_tall/2_2" },
          { "model": "grass_tall/3_2" },
          { "model": "grass_tall/4_2" },
          { "model": "grass_tall/5_2" },
          { "model": "grass_tall/6_2" },
          { "model": "grass_tall/7_2" },
          { "model": "grass_tall/1_3" },
          { "model": "grass_tall/2_3" },
          { "model": "grass_tall/3_3" },
          { "model": "grass_tall/4_3" },
          { "model": "grass_tall/5_3" },
          { "model": "grass_tall/6_3" },
          { "model": "grass_tall/7_3" }
        ]
    }
}
