{
    "variants": {
        "normal": [
            { "model": "waterlily/1" },
            { "model": "waterlily/1", "y": 90 },
            { "model": "waterlily/1", "y": 180 },
            { "model": "waterlily/1", "y": 270 },
            { "model": "waterlily/2" },
            { "model": "waterlily/2", "y": 90 },
            { "model": "waterlily/2", "y": 180 },
            { "model": "waterlily/2", "y": 270 },
            { "model": "waterlily/3" },
            { "model": "waterlily/3", "y": 90 },
            { "model": "waterlily/3", "y": 180 },
            { "model": "waterlily/3", "y": 270 },
            { "model": "waterlily/4" },
            { "model": "waterlily/4", "y": 90 },
            { "model": "waterlily/4", "y": 180 },
            { "model": "waterlily/4", "y": 270 },
            { "model": "waterlily/5" },
            { "model": "waterlily/5", "y": 90 },
            { "model": "waterlily/5", "y": 180 },
            { "model": "waterlily/5", "y": 270 },
            { "model": "waterlily/6" },
            { "model": "waterlily/6", "y": 90 },
            { "model": "waterlily/6", "y": 180 },
            { "model": "waterlily/6", "y": 270 }
        ]
    }
}
