{
    "parent": "block/block",
    "elements": [
        {   "from": [ -0.001, 0, -0.001 ],
            "to": [ 0.75, 16, 0.75 ],
            "faces": {
                "north": { "uv": [ 0.75, 0, 0, 16 ], "texture": "#side", "cullface": "north" },
                "south": { "uv": [ 0.75, 0, 0, 16 ], "texture": "#side"},
                "west":  { "uv": [ 0, 0, 0.75, 16 ], "texture": "#side", "cullface": "west" },
                "east":  { "uv": [ 0, 0, 0.75, 16 ], "texture": "#side"}
            }
        },
        {   "from": [ 15.25, 0, -0.001 ],
            "to": [ 16.001, 16, 0.75 ],
            "faces": {
                "north": { "uv": [ 16, 0, 15.25, 16 ], "texture": "#side", "cullface": "north" },
                "south": { "uv": [ 16, 0, 15.25, 16 ], "texture": "#side"},
                "west":  { "uv": [ 15.25, 0, 16, 16 ], "texture": "#side"},
                "east":  { "uv": [ 15.25, 0, 16, 16 ], "texture": "#side", "cullface": "east" }
            }
        },
        {   "from": [ -0.001, 0, 15.25 ],
            "to": [ 0.75, 16, 16.001 ],
            "faces": {
                "north": { "uv": [ 16, 0, 15.25, 16 ], "texture": "#side"},
                "south": { "uv": [ 16, 0, 15.25, 16 ], "texture": "#side", "cullface": "south" },
                "west":  { "uv": [ 15.25, 0, 16, 16 ], "texture": "#side", "cullface": "west" },
                "east":  { "uv": [ 15.25, 0, 16, 16 ], "texture": "#side"}
            }
        },
        {   "from": [ 15.25, 0, 15.25 ],
            "to": [ 16.001, 16, 16.001 ],
            "faces": {
                "north": { "uv": [ 15.25, 0, 16, 16 ], "texture": "#side"},
                "south": { "uv": [ 15.25, 0, 16, 16 ], "texture": "#side", "cullface": "south" },
                "west":  { "uv": [ 16, 0, 15.25, 16 ], "texture": "#side"},
                "east":  { "uv": [ 16, 0, 15.25, 16 ], "texture": "#side", "cullface": "east" }
            }
        },
        {   "from": [ 0, 0, 0 ],
            "to": [ 16, 1, 16 ],
            "faces": {
                "down":  { "uv": [ 0, 0, 16, 16 ], "texture": "#end", "cullface": "down" },
                "up":    { "uv": [ 0, 0, 16, 16 ], "texture": "#end"},
                "north": { "uv": [ 0, 0, 16, 1 ], "texture": "#side", "cullface": "north" },
                "south": { "uv": [ 0, 0, 16, 1 ], "texture": "#side", "cullface": "south" },
                "west":  { "uv": [ 0, 0, 16, 1 ], "texture": "#side", "cullface": "west" },
                "east":  { "uv": [ 0, 0, 16, 1 ], "texture": "#side", "cullface": "east" }
            }
        },
        {   "from": [ 0, 7.5, 0 ],
            "to": [ 16, 8.5, 16 ],
            "faces": {
                "down":  { "uv": [ 0, 0, 16, 16 ], "texture": "#end"},
                "up":    { "uv": [ 0, 0, 16, 16 ], "texture": "#end"},
                "north": { "uv": [ 0, 0, 16, 1 ], "texture": "#side", "cullface": "north" },
                "south": { "uv": [ 0, 0, 16, 1 ], "texture": "#side", "cullface": "south" },
                "west":  { "uv": [ 0, 0, 16, 1 ], "texture": "#side", "cullface": "west" },
                "east":  { "uv": [ 0, 0, 16, 1 ], "texture": "#side", "cullface": "east" }
            }
        },
        {   "from": [ 0, 15, 0 ],
            "to": [ 16, 16, 16 ],
            "faces": {
                "down":  { "uv": [ 0, 0, 16, 16 ], "texture": "#end"},
                "up":    { "uv": [ 0, 0, 16, 16 ], "texture": "#end", "cullface": "up" },
                "north": { "uv": [ 0, 0, 16, 1 ], "texture": "#side", "cullface": "north" },
                "south": { "uv": [ 0, 0, 16, 1 ], "texture": "#side", "cullface": "south" },
                "west":  { "uv": [ 0, 0, 16, 1 ], "texture": "#side", "cullface": "west" },
                "east":  { "uv": [ 0, 0, 16, 1 ], "texture": "#side", "cullface": "east" }
            }
        },
        {   "from": [ 0.75, 0, 0.75 ],
            "to": [ 15.25, 16, 15.25 ],
            "faces": {
                "north": { "uv": [ 0.75, 0, 15.25, 16 ], "texture": "#side", "cullface": "north" },
                "south": { "uv": [ 0.75, 0, 15.25, 16 ], "texture": "#side", "cullface": "south" },
                "west":  { "uv": [ 0.75, 0, 15.25, 16 ], "texture": "#side", "cullface": "west" },
                "east":  { "uv": [ 0.75, 0, 15.25, 16 ], "texture": "#side", "cullface": "east" }
            }
        }
    ]
}
