{
    "ambientocclusion": false,
    "textures": {
    	"particle": "blocks/door_dark_oak_lower",
        "bottom": "blocks/door_dark_oak_lower",
        "top": "blocks/door_dark_oak_upper"
    },
    "elements": [
        {   "from": [ 0, 0, 0 ],
            "to": [ 3, 16, 16 ],
            "faces": {
                "down":  { "uv": [ 13, 0, 16, 16 ], "texture": "#bottom", "cullface": "up" },
                "north": { "uv": [  0, 0,  3, 16 ], "texture": "#bottom", "cullface": "north" },
                "south": { "uv": [  7, 0,  9, 16 ], "texture": "#bottom", "cullface": "south" },
                "west":  { "uv": [  0, 0, 16, 16 ], "texture": "#bottom", "cullface": "west" },
                "east":  { "uv": [ 16, 0,  0, 16 ], "texture": "#bottom" }
            }
        },
        {   "from": [ -0.75, 2, 2 ],
            "to": [ 3.75, 15.25, 7 ],
            "faces": {
                "up":    { "uv": [ 2, 0.75, 7, 5.75 ], "texture": "#bottom" },
                "down":    { "uv": [ 2, 0.75, 7, 5.75 ], "texture": "#bottom" },
                "north": { "uv": [  7, 0.75,  2, 14 ], "texture": "#bottom" },
                "south": { "uv": [  7, 0.75,  2, 14 ], "texture": "#bottom" },
                "west":  { "uv": [  2, 0.75, 7, 14 ], "texture": "#bottom", "cullface": "west" },
                "east":  { "uv": [ 9, 0.75,  14, 14 ], "texture": "#bottom" }
            }
        },
        {   "from": [ -0.75, 2, 9 ],
            "to": [ 3.75, 15.25, 14 ],
            "faces": {
                "up":    { "uv": [ 2, 0.75, 7, 5.75 ], "texture": "#bottom" },
                "down":    { "uv": [ 2, 0.75, 7, 5.75 ], "texture": "#bottom" },
                "north": { "uv": [  7, 0.75,  2, 14 ], "texture": "#bottom" },
                "south": { "uv": [  7, 0.75, 2, 14 ], "texture": "#bottom" },
                "west":  { "uv": [ 9, 0.75,  14, 14 ], "texture": "#bottom", "cullface": "west" },
                "east":  { "uv": [  2, 0.75, 7, 14 ], "texture": "#bottom" }
            }
        }
    ]
}
