{
    "ambientocclusion": false,
    "textures": {
    	"particle": "blocks/door_wood_lower",
        "bottom": "blocks/door_wood_lower",
        "top": "blocks/door_wood_upper"
    },
    "elements": [
        {   "from": [ 0, 0, 0 ],
            "to": [ 3, 16, 16 ],
            "faces": {
                "down":    { "uv": [ 13, 0, 16, 16 ], "texture": "#bottom", "cullface": "down" },
                "north": { "uv": [  0, 0,  3.75, 16 ], "texture": "#bottom", "cullface": "north" },
                "south": { "uv": [  0, 0,  3.75, 16 ], "texture": "#bottom", "cullface": "south" },
                "west":  { "uv": [  0, 0, 16, 16 ], "texture": "#bottom", "cullface": "west" },
                "east":  { "uv": [ 16, 0,  0, 16 ], "texture": "#bottom" }
            }
        },
        {   "from": [ -1, 2.5, 0 ],
            "to": [ 0, 3.75, 16 ],
            "faces": {
                "up":    { "uv": [ 0, 3, 16, 2 ], "texture": "#top", "rotation": 90 },
                "down":  { "uv": [ 0, 2.25, 16, 3.25 ], "texture": "#top", "rotation": 90 },
                "north": { "uv": [  13.75, 2,  14.75, 3.25 ], "texture": "#top", "cullface": "west" },
                "south": { "uv": [  14.75, 2,  13.75, 3.25 ], "texture": "#top", "cullface": "west" },
                "west":  { "uv": [  0, 2, 16, 3.25 ], "texture": "#top" },
                "east":  { "uv": [ 16, 2,  0, 3.25 ], "texture": "#top" }
            }
        },
        {   "from": [ 3, 2.5, 0 ],
            "to": [ 4, 3.75, 16 ],
            "faces": {
                "up":    { "uv": [ 0, 2, 16, 3 ], "texture": "#top", "rotation": 90 },
                "down":  { "uv": [ 0, 3.25, 16, 2.25 ], "texture": "#top", "rotation": 90 },
                "north": { "uv": [  14.75, 2,  13.75, 3.25 ], "texture": "#top" },
                "south": { "uv": [  13.75, 2,  14.75, 3.25 ], "texture": "#top" },
                "west":  { "uv": [  0, 2, 16, 3.25 ], "texture": "#top" },
                "east":  { "uv": [ 16, 2,  0, 3.25 ], "texture": "#top" }
            }
        }
    ]
}
